{"Fasteners": {"Washer": {"timestamp": 1737228892.569525, "objects": {"DIN 125 Washer, form A": {"Conf": ["M1.2", "M1.4", "M1.6", "M1.8", "M2", "M2.2", "M2.5", "M3", "M3.5", "M4", "M5", "M6", "M7", "M8", "M10", "M12", "M14", "M16", "M18", "M20", "M22", "M24", "M27", "M30", "M33", "M36", "M39", "M42", "M45", "M48", "M52", "M56", "M60", "M64", "M68", "M72", "M76", "M80", "M90"]}, "DIN 125 Washer, form B": {"Conf": ["M1.7", "M2", "M2.3", "M2.5", "M2.6", "M3", "M3.5", "M4", "M5", "M6", "M8", "M10", "M12", "M14", "M16", "M18", "M20", "M22", "M24", "M27", "M30", "M33"]}, "DIN 126 Washer": {"Conf": ["M5", "M6", "M7", "M8", "M10", "M12", "M14", "M16", "M18", "M20", "M22", "M24", "M27", "M30", "M33", "M36", "M39", "M42", "M45", "M48", "M52", "M56", "M60", "M64", "M68", "M72", "M76", "M80", "M90"]}, "DIN 1052 Washer": {"Conf": ["M12", "M16", "M20", "M22", "M24"]}, "DIN 127 Washer, form B": {"Conf": ["M2", "M2.3", "M2.5", "M3", "M3.5", "M4", "M5", "M6", "M7", "M8", "M10", "M12", "M14", "M16", "M18", "M20", "M22", "M24", "M27", "M30", "M33", "M36", "M39", "M42", "M45", "M48", "M52", "M56", "M64", "M80", "M90", "M100"]}, "DIN 127 Washer, form A": {"Conf": ["M3", "M3.5", "M4", "M5", "M6", "M7", "M8", "M10", "M12", "M14", "M16", "M18", "M20", "M22", "M24", "M27", "M30", "M33", "M36", "M39", "M42", "M45", "M48", "M52", "M56", "M64", "M80", "M90", "M100"]}, "DIN 93 Lock washer": {"Conf": ["M4", "M5", "M6", "M8", "M10", "M12", "M14", "M16", "M18", "M20", "M22", "M24", "M27", "M30", "M33", "M36", "M39", "M42", "M45", "M48", "M52"]}, "DIN 9021 Large size washer": {"Conf": ["M3", "M3.5", "M4", "M5", "M6", "M7", "M8", "M10", "M12", "M14", "M16", "M18", "M20", "M22", "M24", "M27", "M30", "M33", "M36"]}, "DIN 134 Washer": {"Conf": ["M3", "M4", "M5", "M6", "M8", "M10", "M12", "M14", "M16", "M18", "M20"]}, "DIN 436 Square washer": {"Conf": ["M10", "M12", "M16", "M20", "M22", "M24", "M27", "M30", "M33", "M36", "M39", "M42", "M45", "M48", "M52"]}}}, "Bolt": {"timestamp": 1743179201.6494956, "objects": {"DIN 933 Bolt": {"Conf": ["M1.6", "M2", "M2.5", "M3", "M3.5", "M4", "M5", "M6", "M7", "M8", "M10", "M12", "M14", "M16", "M18", "M20", "M22", "M24", "M27", "M30", "M33", "M36", "M39", "M42", "M45", "M48", "M52"]}, "DIN 931 Bolt": {"Conf": ["M1.6", "M2", "M2.5", "M3", "M3.5", "M4", "M5", "M6", "M7", "M8", "M10", "M12", "M14", "M16", "M18", "M20", "M22", "M24", "M27", "M30", "M33", "M36", "M39", "M42", "M48", "M56", "M64"]}}}}}